{
    "name": "morphological_dilation:frame",
    "data": [
        {
            "sec": 3.414758789,
            "val": 2768.36499
        },
        {
            "sec": 6.23824292,
            "val": 2823.4841309999997
        },
        {
            "sec": 9.03822998,
            "val": 2799.9870600000004
        }
    ],
    "mean": 2097.9590452499997,
    "median": 2784.176025,
    "gpu": "V3D",
    "example": "morphological_dilation"
}