{
    "name": "morphological_dilation:frame",
    "data": [
        {
            "sec": 3.40297583,
            "val": 2791.993896
        },
        {
            "sec": 6.198986816,
            "val": 2796.010986
        },
        {
            "sec": 8.950014893,
            "val": 2751.028077
        }
    ],
    "mean": 2084.75823975,
    "median": 2771.5109865
}