{
    "name": "morphological_erosion:frame",
    "data": [
        {
            "sec": 3.425856934,
            "val": 2800.0209959999997
        },
        {
            "sec": 6.197880859,
            "val": 2772.023925
        },
        {
            "sec": 8.961553955,
            "val": 2763.6730959999995
        }
    ],
    "mean": 2083.92950425,
    "median": 2767.8485105
}