{
    "name": "morphological_erosion:frame",
    "data": [
        {
            "sec": 3.4023430180000003,
            "val": 2775.921875
        },
        {
            "sec": 6.182224121,
            "val": 2779.881103
        },
        {
            "sec": 8.962233154,
            "val": 2780.0090329999994
        }
    ],
    "mean": 2083.9530027499995,
    "median": 2777.901489,
    "gpu": "V3D",
    "example": "morphological_erosion"
}